Junction,Vehicles
1,40.487854915476774
2,12.28475299524044
3,12.894140817331364
4,7.587203302373581
